id,real_text_id,probability_text_1_true
0,2,0.0024935267865657806
1,2,0.004014529287815094
2,1,0.9958077669143677
3,1,0.9960032105445862
4,2,0.002387132029980421
5,1,0.9954544305801392
6,2,0.0024549108929932117
7,1,0.94107985496521
8,2,0.002461744239553809
9,1,0.9608858227729797
10,1,0.9734602570533752
11,1,0.9954994320869446
12,2,0.0024196889717131853
13,1,0.9960141181945801
14,2,0.3999668061733246
15,1,0.8259686827659607
16,2,0.0022818627767264843
17,2,0.0024160679895430803
18,2,0.0024450947530567646
19,2,0.24134522676467896
20,1,0.8340729475021362
21,1,0.8784886598587036
22,1,0.9941743016242981
23,2,0.002384735969826579
24,2,0.0023706103675067425
25,2,0.002396062947809696
26,2,0.002508359495550394
27,1,0.995206892490387
28,2,0.0024280790239572525
29,2,0.002485577715560794
30,2,0.0023505319841206074
31,2,0.03442596644163132
32,1,0.5015923380851746
33,1,0.987217366695404
34,1,0.9960361123085022
35,2,0.002262601163238287
36,2,0.2547842264175415
37,1,0.7784177660942078
38,1,0.9956472516059875
39,2,0.0024933088570833206
40,1,0.7952749729156494
41,2,0.0024455261882394552
42,2,0.0023918289225548506
43,1,0.7572231888771057
44,2,0.00274704210460186
45,1,0.987886905670166
46,1,0.9958979487419128
47,1,0.9962024092674255
48,1,0.9957926273345947
49,1,0.9960656762123108
50,1,0.9959707856178284
51,1,0.9955769777297974
52,2,0.2233487218618393
53,1,0.9960498213768005
54,1,0.9947603344917297
55,2,0.002414996037259698
56,1,0.9959126114845276
57,1,0.9958136677742004
58,2,0.305198609828949
59,2,0.3524783253669739
60,2,0.3516121506690979
61,2,0.0068009160459041595
62,1,0.8036924004554749
63,1,0.9961724877357483
64,1,0.9960863590240479
65,2,0.002327308524399996
66,2,0.002337009645998478
67,2,0.3618328869342804
68,2,0.0024047179613262415
69,1,0.8000460267066956
70,2,0.17470867931842804
71,2,0.07862608879804611
72,1,0.995854914188385
73,2,0.14587795734405518
74,1,0.8639148473739624
75,1,0.9959927797317505
76,1,0.9958279728889465
77,1,0.9938867688179016
78,1,0.7916699051856995
79,1,0.9957582354545593
80,2,0.003973532468080521
81,1,0.9957730174064636
82,1,0.9960178732872009
83,1,0.9249361157417297
84,2,0.002466142876073718
85,1,0.6439378261566162
86,2,0.0025031177792698145
87,1,0.995685338973999
88,1,0.9959419369697571
89,2,0.0024034210946410894
90,2,0.4247519373893738
91,2,0.3828231394290924
92,2,0.041323885321617126
93,1,0.9949722290039062
94,2,0.39628371596336365
95,1,0.7347719669342041
96,1,0.9944254159927368
97,1,0.9960072636604309
98,1,0.995807409286499
99,1,0.9962493777275085
100,1,0.6957985758781433
101,2,0.0023932969197630882
102,2,0.45122459530830383
103,2,0.0024629998952150345
104,2,0.25185200572013855
105,2,0.3753925859928131
106,2,0.0024730500299483538
107,2,0.47780531644821167
108,1,0.7012537717819214
109,2,0.0023601343855261803
110,2,0.4141285717487335
111,2,0.0024483685847371817
112,2,0.2674084007740021
113,2,0.37314537167549133
114,2,0.002321109874173999
115,2,0.29791370034217834
116,2,0.315846711397171
117,1,0.9959419369697571
118,2,0.2255364954471588
119,1,0.9955145716667175
120,1,0.6274293661117554
121,2,0.33707597851753235
122,1,0.9944487810134888
123,2,0.002370560774579644
124,1,0.7464870810508728
125,1,0.7654232382774353
126,1,0.9947551488876343
127,1,0.8541896343231201
128,1,0.7888340950012207
129,2,0.0022913662251085043
130,1,0.9960018992424011
131,2,0.0023782458156347275
132,2,0.3626047968864441
133,1,0.9959938526153564
134,1,0.9959431290626526
135,2,0.0024256573524326086
136,2,0.0023752530105412006
137,2,0.0024426127783954144
138,1,0.9770093560218811
139,2,0.002443742472678423
140,2,0.004157726187258959
141,2,0.0026174269150942564
142,1,0.7578590512275696
143,1,0.9960081577301025
144,2,0.00245037954300642
145,2,0.002300719730556011
146,2,0.40009233355522156
147,1,0.6907125115394592
148,2,0.002489306963980198
149,1,0.9959230422973633
150,1,0.5774350762367249
151,1,0.9958093166351318
152,2,0.0024032944347709417
153,2,0.0024033640511333942
154,2,0.0025451728142797947
155,1,0.996259331703186
156,1,0.9958215951919556
157,1,0.9958655834197998
158,2,0.002305561676621437
159,2,0.002150346525013447
160,1,0.7522984743118286
161,2,0.04020125791430473
162,1,0.9959602952003479
163,1,0.9960529804229736
164,2,0.002403274644166231
165,1,0.9748063087463379
166,2,0.38656893372535706
167,1,0.9956795573234558
168,2,0.0024829083122313023
169,1,0.853183388710022
170,1,0.9947664737701416
171,2,0.0024563604965806007
172,1,0.996059775352478
173,2,0.0030883275903761387
174,2,0.002364682499319315
175,1,0.9960827827453613
176,2,0.4006277024745941
177,2,0.0024440723937004805
178,1,0.62385493516922
179,2,0.4051661491394043
180,1,0.9959642887115479
181,1,0.9961041212081909
182,2,0.36448970437049866
183,2,0.0024085394106805325
184,2,0.0024069761857390404
185,2,0.2680965065956116
186,2,0.31481918692588806
187,2,0.002322167856618762
188,2,0.30630141496658325
189,2,0.30665323138237
190,2,0.0024175799917429686
191,2,0.3713993430137634
192,2,0.0024363792035728693
193,1,0.9959322810173035
194,2,0.002495555905625224
195,1,0.7917393445968628
196,2,0.41479694843292236
197,2,0.0024739725049585104
198,2,0.0024898741394281387
199,1,0.9115621447563171
200,1,0.9958256483078003
201,2,0.3487686812877655
202,1,0.9960184693336487
203,1,0.9959624409675598
204,1,0.9960415363311768
205,2,0.2881132662296295
206,1,0.9954278469085693
207,1,0.7925496101379395
208,1,0.9949718713760376
209,1,0.9955755472183228
210,1,0.9499285221099854
211,2,0.003953130915760994
212,1,0.9959685802459717
213,2,0.0024727066047489643
214,1,0.9959412813186646
215,2,0.39794445037841797
216,2,0.007383197546005249
217,1,0.9960071444511414
218,1,0.9959946870803833
219,2,0.002417156705632806
220,1,0.9959231615066528
221,2,0.359819233417511
222,2,0.002383112208917737
223,1,0.9919624924659729
224,2,0.002459433861076832
225,1,0.9954671859741211
226,2,0.36562296748161316
227,2,0.0031042841728776693
228,2,0.0027893399819731712
229,1,0.995298445224762
230,1,0.995688259601593
231,1,0.7754625678062439
232,1,0.8020283579826355
233,2,0.002513744868338108
234,2,0.005142491776496172
235,1,0.9959050416946411
236,2,0.02430359274148941
237,2,0.0025184780824929476
238,2,0.0024154395796358585
239,1,0.9956799745559692
240,2,0.0023924249690026045
241,2,0.0024581041652709246
242,1,0.9948364496231079
243,2,0.24904847145080566
244,1,0.9026774764060974
245,1,0.9931939840316772
246,1,0.9933431148529053
247,1,0.9922946691513062
248,2,0.0024380392860621214
249,2,0.0024662779178470373
250,1,0.7723284959793091
251,1,0.8938672542572021
252,2,0.3664582669734955
253,2,0.0023096741642802954
254,1,0.9961418509483337
255,1,0.996008038520813
256,1,0.9958672523498535
257,1,0.9961368441581726
258,2,0.0023549271281808615
259,1,0.9959233999252319
260,1,0.995987594127655
261,2,0.002455298323184252
262,2,0.002321073319762945
263,1,0.7616672515869141
264,2,0.002466376405209303
265,2,0.0025771826039999723
266,2,0.2308431714773178
267,1,0.996036946773529
268,2,0.002737746573984623
269,1,0.995863676071167
270,1,0.9623323678970337
271,1,0.9959142804145813
272,2,0.002441671909764409
273,2,0.002568042604252696
274,1,0.9961857199668884
275,1,0.5760095119476318
276,2,0.0024470167700201273
277,2,0.4365723133087158
278,1,0.9959119558334351
279,1,0.996109664440155
280,1,0.9922816157341003
281,2,0.002378795761615038
282,2,0.357237309217453
283,1,0.9960711002349854
284,2,0.002459705574437976
285,2,0.002384747611358762
286,1,0.8268784880638123
287,1,0.995667576789856
288,2,0.002369973110035062
289,2,0.0025755332317203283
290,1,0.9958368539810181
291,1,0.9954952001571655
292,1,0.9960578680038452
293,2,0.002540255431085825
294,2,0.002536608139052987
295,2,0.4220760464668274
296,2,0.0023279173765331507
297,1,0.9956377148628235
298,2,0.0024024895392358303
299,2,0.0023915478959679604
300,2,0.22195838391780853
301,1,0.8757044672966003
302,2,0.08331659436225891
303,1,0.9959470629692078
304,2,0.24717780947685242
305,1,0.9958317875862122
306,2,0.0023686601780354977
307,1,0.9953475594520569
308,1,0.9713748693466187
309,1,0.9959549903869629
310,2,0.4528794288635254
311,2,0.002431935165077448
312,2,0.0024387293960899115
313,1,0.6696640253067017
314,1,0.9957991242408752
315,2,0.24364013969898224
316,2,0.0025303612928837538
317,1,0.5750480890274048
318,1,0.5093084573745728
319,1,0.9955793023109436
320,2,0.3781459331512451
321,1,0.9955793023109436
322,1,0.9956796765327454
323,2,0.3762759268283844
324,2,0.0024624154902994633
325,2,0.007504249457269907
326,2,0.0024692006409168243
327,1,0.9957799911499023
328,1,0.8488110899925232
329,1,0.9958243370056152
330,1,0.9959516525268555
331,2,0.002408193424344063
332,1,0.9960007071495056
333,2,0.39948537945747375
334,1,0.8939881324768066
335,1,0.9577641487121582
336,1,0.8522014021873474
337,2,0.16367150843143463
338,1,0.9956281185150146
339,1,0.9960748553276062
340,2,0.0026258418802171946
341,2,0.002427510917186737
342,2,0.0025034011341631413
343,1,0.9961536526679993
344,1,0.9949833154678345
345,1,0.9960317015647888
346,1,0.9960112571716309
347,2,0.0022634940687566996
348,1,0.9960583448410034
349,2,0.0024091273080557585
350,1,0.9962359070777893
351,1,0.9944763779640198
352,1,0.9961114525794983
353,2,0.002417303854599595
354,2,0.0038195219822227955
355,2,0.0024157657753676176
356,1,0.9958795309066772
357,1,0.9961113333702087
358,2,0.0024150351528078318
359,2,0.0023404541425406933
360,2,0.002431262983009219
361,2,0.002429144224151969
362,2,0.0023695954587310553
363,2,0.002382180653512478
364,1,0.9959797859191895
365,1,0.9960899949073792
366,2,0.002460161689668894
367,1,0.99540114402771
368,2,0.0025180899538099766
369,2,0.0024154200218617916
370,1,0.9959339499473572
371,2,0.0024042788427323103
372,2,0.0024155660066753626
373,1,0.8505403995513916
374,1,0.9960989952087402
375,2,0.002391255460679531
376,2,0.4091750681400299
377,2,0.0023793275468051434
378,1,0.9961065649986267
379,2,0.0024066234473139048
380,2,0.0024254252202808857
381,2,0.0023543043062090874
382,2,0.0024495217949151993
383,2,0.002291296375915408
384,2,0.002382467035204172
385,2,0.0024024953600019217
386,2,0.002805005293339491
387,1,0.9959222078323364
388,1,0.9961976408958435
389,1,0.9959717392921448
390,2,0.002405244391411543
391,1,0.9959631562232971
392,1,0.9960903525352478
393,1,0.9960582256317139
394,2,0.002384873339906335
395,2,0.0022647615987807512
396,2,0.0023346859961748123
397,1,0.9961068034172058
398,2,0.0024288345593959093
399,2,0.36668574810028076
400,2,0.0024336399510502815
401,1,0.9960267543792725
402,2,0.002402694197371602
403,2,0.0023756904993206263
404,1,0.9960380792617798
405,1,0.9958796501159668
406,1,0.995947539806366
407,2,0.0024497874546796083
408,2,0.3598044216632843
409,2,0.0021978009026497602
410,2,0.0024627787061035633
411,1,0.9959610104560852
412,2,0.1824633926153183
413,1,0.9961238503456116
414,2,0.0023571925703436136
415,1,0.9960987567901611
416,2,0.0024795401841402054
417,2,0.0022567936684936285
418,2,0.002573194680735469
419,1,0.9960570335388184
420,2,0.00238913600333035
421,2,0.0023750169202685356
422,2,0.004112574737519026
423,2,0.0024402053095400333
424,2,0.0024842610582709312
425,2,0.002357000717893243
426,2,0.0023550761397928
427,1,0.9959954023361206
428,2,0.0024217350874096155
429,1,0.9960381984710693
430,2,0.0023933665361255407
431,1,0.9959602952003479
432,1,0.9959670305252075
433,2,0.002444598125293851
434,1,0.5431626439094543
435,1,0.9960780739784241
436,1,0.9960695505142212
437,1,0.9961907863616943
438,2,0.0023615562822669744
439,2,0.0025161649100482464
440,1,0.7306889295578003
441,2,0.002400460885837674
442,1,0.9960640072822571
443,2,0.0024709126446396112
444,2,0.0024206754751503468
445,2,0.002403754973784089
446,1,0.9960457682609558
447,1,0.9960781931877136
448,1,0.9962104558944702
449,2,0.0023378548212349415
450,2,0.0023479482624679804
451,2,0.0024077878333628178
452,2,0.0024309612344950438
453,2,0.0023561441339552402
454,2,0.0023377747274935246
455,1,0.9959801435470581
456,2,0.0022526937536895275
457,1,0.9958822727203369
458,1,0.9961579442024231
459,2,0.00238932017236948
460,2,0.00241003162227571
461,1,0.5442879796028137
462,1,0.9953898191452026
463,1,0.9958880543708801
464,1,0.7950824499130249
465,2,0.0024151753168553114
466,1,0.9961275458335876
467,2,0.0023601120337843895
468,1,0.9960275888442993
469,1,0.9960491061210632
470,2,0.0023374955635517836
471,2,0.002407246036455035
472,1,0.9962051510810852
473,1,0.9961873888969421
474,1,0.7836670279502869
475,2,0.0023759277537465096
476,2,0.009898259304463863
477,2,0.002392111113294959
478,1,0.6896756887435913
479,2,0.0023957870434969664
480,1,0.996101975440979
481,2,0.002854774473235011
482,2,0.0023148178588598967
483,2,0.002416507340967655
484,1,0.9961287975311279
485,2,0.0024898091796785593
486,1,0.9960655570030212
487,1,0.9961538910865784
488,1,0.9959880709648132
489,2,0.003084274008870125
490,1,0.9961178302764893
491,2,0.4209040701389313
492,1,0.5880820155143738
493,1,0.9566670656204224
494,1,0.9961667656898499
495,1,0.7909412384033203
496,1,0.9958861470222473
497,2,0.0023802549112588167
498,1,0.9961762428283691
499,2,0.0023938026279211044
500,1,0.9959995746612549
501,1,0.9959294199943542
502,1,0.9959946870803833
503,1,0.6566256284713745
504,2,0.0024393154308199883
505,1,0.9960026144981384
506,1,0.8108351230621338
507,2,0.0024030187632888556
508,2,0.002326847752556205
509,1,0.9960770010948181
510,1,0.9960707426071167
511,1,0.9962154030799866
512,1,0.9961448907852173
513,1,0.9960589408874512
514,2,0.0023732539266347885
515,2,0.0023609620984643698
516,2,0.0024621940683573484
517,2,0.002354046795517206
518,1,0.6510145664215088
519,2,0.0023388625122606754
520,1,0.9959650039672852
521,1,0.9960105419158936
522,1,0.9961037635803223
523,1,0.9959895014762878
524,1,0.9957929849624634
525,1,0.9960867166519165
526,1,0.9960035681724548
527,1,0.9954973459243774
528,1,0.9961628913879395
529,1,0.9952273368835449
530,2,0.0024010511115193367
531,1,0.9959834814071655
532,2,0.0023516863584518433
533,2,0.0023563134018331766
534,2,0.00240538502112031
535,2,0.0024301521480083466
536,1,0.9958254098892212
537,1,0.9960475564002991
538,2,0.0023952035699039698
539,1,0.9960806965827942
540,1,0.9960591793060303
541,2,0.002335578203201294
542,1,0.9959611296653748
543,2,0.0024148167576640844
544,1,0.9960653185844421
545,1,0.9961309432983398
546,1,0.99610835313797
547,2,0.41643697023391724
548,1,0.9959707856178284
549,1,0.9962627291679382
550,1,0.9960048794746399
551,1,0.9959742426872253
552,1,0.9960008263587952
553,1,0.9959372282028198
554,1,0.9961652755737305
555,2,0.0023380094207823277
556,1,0.9960203766822815
557,1,0.9959683418273926
558,1,0.9960094690322876
559,1,0.9884090423583984
560,1,0.9953691363334656
561,2,0.0025570078287273645
562,2,0.0023445002734661102
563,2,0.00235097692348063
564,1,0.9958143830299377
565,2,0.30962908267974854
566,1,0.9959114789962769
567,2,0.0024014075752347708
568,1,0.9957181811332703
569,1,0.9959021210670471
570,2,0.002450652187690139
571,1,0.995914876461029
572,2,0.002424814971163869
573,2,0.002319150837138295
574,1,0.9959787130355835
575,2,0.0023465589620172977
576,2,0.0024080434814095497
577,1,0.9960129261016846
578,2,0.002350198570638895
579,1,0.9960336089134216
580,1,0.9960450530052185
581,1,0.9957990050315857
582,1,0.9961631298065186
583,1,0.9961270689964294
584,1,0.9960491061210632
585,2,0.0024082015734165907
586,2,0.002361778635531664
587,1,0.995995283126831
588,2,0.002357842866331339
589,1,0.9960564374923706
590,1,0.9961965084075928
591,2,0.002347311470657587
592,1,0.9958255290985107
593,1,0.9961785078048706
594,2,0.0024036087561398745
595,1,0.9960559606552124
596,1,0.9960649609565735
597,2,0.00235450710169971
598,1,0.877606987953186
599,2,0.002549209399148822
600,2,0.002403119346126914
601,1,0.9960519671440125
602,2,0.002392873400822282
603,1,0.9960116147994995
604,2,0.002391826594248414
605,2,0.0025020227767527103
606,1,0.9959313273429871
607,1,0.9958198070526123
608,1,0.99604332447052
609,1,0.9957255125045776
610,1,0.9945914149284363
611,2,0.0024021249264478683
612,2,0.002382657490670681
613,1,0.9959813356399536
614,1,0.9960950016975403
615,2,0.0023791103158146143
616,2,0.002405214589089155
617,2,0.4266721308231354
618,1,0.996086835861206
619,2,0.0024523723404854536
620,1,0.9960106611251831
621,2,0.002379209967330098
622,2,0.0023849233984947205
623,1,0.9960355162620544
624,1,0.9958916902542114
625,2,0.0023920803796499968
626,2,0.00239377049729228
627,1,0.9959660768508911
628,1,0.6886290907859802
629,1,0.9958406090736389
630,2,0.002367103472352028
631,1,0.995636522769928
632,2,0.002417462645098567
633,1,0.9956661462783813
634,1,0.9961472749710083
635,2,0.002387438667938113
636,2,0.0023791000712662935
637,1,0.9961506128311157
638,1,0.9959726929664612
639,1,0.8956087231636047
640,1,0.9960615038871765
641,2,0.002403080463409424
642,1,0.995911717414856
643,2,0.002416483126580715
644,2,0.39771944284439087
645,2,0.0024024886079132557
646,2,0.002347799716517329
647,1,0.9960528612136841
648,1,0.9957322478294373
649,1,0.9960435628890991
650,1,0.9959748387336731
651,2,0.0023770390544086695
652,2,0.0023737428709864616
653,2,0.0024272131267935038
654,1,0.996147871017456
655,2,0.0024706644471734762
656,2,0.002341663697734475
657,1,0.9960582256317139
658,1,0.9959868788719177
659,1,0.9961856007575989
660,2,0.002414098009467125
661,1,0.9960177540779114
662,1,0.9960460066795349
663,2,0.002353295451030135
664,2,0.002361479913815856
665,2,0.0023919243831187487
666,2,0.0023985442239791155
667,1,0.9960929751396179
668,2,0.002446089405566454
669,2,0.0024370744358748198
670,1,0.9960018992424011
671,2,0.0024213700089603662
672,1,0.9960629343986511
673,1,0.9960112571716309
674,1,0.8105568885803223
675,1,0.9960131645202637
676,1,0.9959492683410645
677,1,0.9961286783218384
678,1,0.9959673881530762
679,2,0.002304874127730727
680,1,0.995926022529602
681,1,0.7751807570457458
682,2,0.002346655121073127
683,1,0.7233734726905823
684,1,0.9960773587226868
685,2,0.3656628131866455
686,1,0.8396520614624023
687,2,0.0038643472362309694
688,1,0.9960185885429382
689,2,0.0023107246961444616
690,2,0.0023020554799586535
691,2,0.0023842700757086277
692,2,0.002390302252024412
693,2,0.0024261269718408585
694,2,0.0024146470241248608
695,1,0.9959813356399536
696,1,0.9961646795272827
697,1,0.9961524605751038
698,1,0.8011429905891418
699,1,0.9958873391151428
700,2,0.002374411327764392
701,1,0.9961202144622803
702,1,0.996179461479187
703,1,0.9955558180809021
704,1,0.8208565711975098
705,2,0.41936415433883667
706,2,0.002367629436776042
707,1,0.9958350658416748
708,2,0.46953314542770386
709,2,0.1027619019150734
710,2,0.4117462933063507
711,2,0.2937075197696686
712,1,0.9958243370056152
713,2,0.04389338940382004
714,2,0.3390900194644928
715,2,0.2127743661403656
716,2,0.4029091000556946
717,2,0.3347057104110718
718,2,0.3981594145298004
719,2,0.43454310297966003
720,2,0.11004401743412018
721,2,0.47566428780555725
722,2,0.40551385283470154
723,2,0.4685598313808441
724,1,0.9951293468475342
725,2,0.41002824902534485
726,2,0.0023557194508612156
727,1,0.5895820260047913
728,2,0.4430272877216339
729,2,0.4408278167247772
730,1,0.6511886715888977
731,1,0.995984673500061
732,2,0.3879113495349884
733,2,0.4112614691257477
734,2,0.4292425513267517
735,2,0.0023586461320519447
736,2,0.17124716937541962
737,1,0.9959639310836792
738,2,0.0023842756636440754
739,1,0.995960533618927
740,2,0.002378464210778475
741,1,0.9959098100662231
742,2,0.40336331725120544
743,2,0.23510883748531342
744,1,0.9958634376525879
745,1,0.7360532879829407
746,1,0.9959341287612915
747,2,0.4009232521057129
748,2,0.216082364320755
749,2,0.38401639461517334
750,1,0.5496721863746643
751,2,0.34455782175064087
752,2,0.00449341582134366
753,2,0.37907737493515015
754,2,0.28471478819847107
755,2,0.2031066119670868
756,1,0.9957658052444458
757,2,0.0022729653865098953
758,2,0.41047224402427673
759,2,0.0024353130720555782
760,2,0.0023430564906448126
761,2,0.002302567008882761
762,1,0.9956433773040771
763,2,0.038694944232702255
764,2,0.002837780397385359
765,2,0.3637544512748718
766,2,0.42955341935157776
767,1,0.9959731698036194
768,1,0.9958600401878357
769,2,0.0023313709534704685
770,2,0.0023751717526465654
771,2,0.4285237491130829
772,1,0.9960224032402039
773,2,0.0023557685781270266
774,2,0.37478604912757874
775,2,0.35964298248291016
776,2,0.33636921644210815
777,2,0.42301222681999207
778,2,0.3825468420982361
779,1,0.8106406331062317
780,1,0.9958544969558716
781,2,0.3988543748855591
782,1,0.9959302544593811
783,1,0.9504786729812622
784,2,0.40080511569976807
785,2,0.0023310580290853977
786,1,0.9945194125175476
787,2,0.4360673427581787
788,2,0.42089447379112244
789,2,0.3664875328540802
790,2,0.42311736941337585
791,2,0.0023511045146733522
792,2,0.48777103424072266
793,2,0.3645195960998535
794,2,0.4583134353160858
795,2,0.4801410734653473
796,2,0.0022876488510519266
797,1,0.9957262277603149
798,1,0.6948640942573547
799,1,0.9889679551124573
800,1,0.9959571957588196
801,2,0.4117908477783203
802,2,0.002348818350583315
803,2,0.46902549266815186
804,2,0.0024266105610877275
805,1,0.9961878657341003
806,2,0.34387004375457764
807,2,0.32415473461151123
808,1,0.9959826469421387
809,2,0.22572055459022522
810,2,0.32640931010246277
811,2,0.43736132979393005
812,1,0.9959459900856018
813,2,0.0023707726504653692
814,2,0.39084017276763916
815,1,0.9787694215774536
816,2,0.17248497903347015
817,1,0.8151723146438599
818,1,0.9960322976112366
819,2,0.28870874643325806
820,1,0.5023929476737976
821,2,0.3984333574771881
822,2,0.4051891267299652
823,2,0.38895657658576965
824,2,0.35188618302345276
825,1,0.9959959983825684
826,1,0.9960351586341858
827,2,0.299441397190094
828,1,0.5075108408927917
829,1,0.9959969520568848
830,2,0.002317038830369711
831,2,0.33220037817955017
832,2,0.002338740276172757
833,2,0.35012730956077576
834,2,0.24882642924785614
835,1,0.9958309531211853
836,1,0.99600750207901
837,1,0.9958509206771851
838,2,0.38874706625938416
839,1,0.9960377216339111
840,1,0.9959328770637512
841,2,0.34346631169319153
842,2,0.2933845818042755
843,2,0.0024061633739620447
844,2,0.0023486141581088305
845,1,0.9959281086921692
846,2,0.0023588973563164473
847,2,0.27304762601852417
848,2,0.4590437710285187
849,1,0.9957553148269653
850,2,0.4250461161136627
851,1,0.995978832244873
852,2,0.3238622546195984
853,1,0.9960566759109497
854,1,0.9959535598754883
855,2,0.250089555978775
856,2,0.0023708988446742296
857,1,0.9960671067237854
858,2,0.0023260731250047684
859,2,0.42643675208091736
860,2,0.0023487424477934837
861,1,0.9956342577934265
862,2,0.002344817155972123
863,2,0.3310375511646271
864,1,0.9957985281944275
865,2,0.0023356147576123476
866,2,0.0023522076662629843
867,1,0.5344266891479492
868,2,0.409049391746521
869,2,0.2531984746456146
870,2,0.42179861664772034
871,2,0.36366239190101624
872,2,0.33640193939208984
873,2,0.351738840341568
874,2,0.43869778513908386
875,2,0.0024226487148553133
876,1,0.996021568775177
877,2,0.4224121570587158
878,2,0.2953033447265625
879,2,0.46256327629089355
880,1,0.7263176441192627
881,2,0.19996540248394012
882,2,0.30517059564590454
883,2,0.4909456670284271
884,2,0.3764953911304474
885,2,0.3553428649902344
886,1,0.9958927631378174
887,1,0.5223287343978882
888,2,0.44982102513313293
889,1,0.9959190487861633
890,1,0.9958654642105103
891,2,0.0023158069234341383
892,1,0.9961049556732178
893,2,0.0671071708202362
894,2,0.002392006339505315
895,1,0.9959015250205994
896,2,0.3295694887638092
897,2,0.0027433971408754587
898,1,0.9399511218070984
899,1,0.9945446252822876
900,2,0.4816475510597229
901,1,0.9960476756095886
902,1,0.884773850440979
903,2,0.43372008204460144
904,1,0.7611841559410095
905,2,0.3434402644634247
906,2,0.250561386346817
907,2,0.3673243820667267
908,1,0.5009703040122986
909,2,0.47434717416763306
910,2,0.4019417464733124
911,2,0.2611207365989685
912,2,0.319853276014328
913,1,0.995792031288147
914,2,0.36780044436454773
915,1,0.9959040284156799
916,2,0.37137341499328613
917,2,0.00421841349452734
918,2,0.4844968318939209
919,1,0.9959431290626526
920,1,0.9959239959716797
921,2,0.2400195449590683
922,2,0.0024039975833147764
923,2,0.4292949140071869
924,1,0.9960026144981384
925,1,0.7872704267501831
926,2,0.28546246886253357
927,1,0.9959646463394165
928,2,0.12054485082626343
929,2,0.39617305994033813
930,2,0.2910206615924835
931,1,0.9955332279205322
932,2,0.3562978506088257
933,2,0.3560144901275635
934,2,0.0023667633067816496
935,1,0.9959962368011475
936,2,0.4326719045639038
937,2,0.2595056891441345
938,2,0.36740246415138245
939,1,0.995867133140564
940,1,0.8353747725486755
941,2,0.3749921917915344
942,2,0.43711310625076294
943,1,0.9960089921951294
944,2,0.36372944712638855
945,1,0.9959905743598938
946,2,0.38198500871658325
947,2,0.03667305037379265
948,2,0.3775761127471924
949,2,0.44514036178588867
950,2,0.41884076595306396
951,2,0.3994252681732178
952,2,0.0023538910318166018
953,1,0.7681474089622498
954,2,0.3001748025417328
955,2,0.375431627035141
956,1,0.9959908127784729
957,2,0.0023285653442144394
958,2,0.36838939785957336
959,1,0.9958536624908447
960,1,0.9957889914512634
961,2,0.002390529727563262
962,1,0.9959526062011719
963,1,0.7929981350898743
964,2,0.2977348268032074
965,2,0.11157546937465668
966,2,0.40249988436698914
967,2,0.4067910611629486
968,2,0.4116859436035156
969,1,0.9960110187530518
970,2,0.23752638697624207
971,1,0.9915278553962708
972,2,0.3758443295955658
973,2,0.014305111020803452
974,2,0.17534615099430084
975,2,0.4670707881450653
976,2,0.00222997204400599
977,2,0.4207601845264435
978,1,0.9764993786811829
979,1,0.9946570992469788
980,2,0.002362031489610672
981,1,0.9957186579704285
982,2,0.002398870652541518
983,2,0.4344474673271179
984,2,0.4457772672176361
985,2,0.40545713901519775
986,2,0.4994170367717743
987,2,0.002360381418839097
988,2,0.38027292490005493
989,1,0.9959520101547241
990,2,0.2973814308643341
991,1,0.9958927631378174
992,2,0.19767622649669647
993,1,0.9959404468536377
994,2,0.44114407896995544
995,2,0.0024313603062182665
996,1,0.8082810044288635
997,2,0.0023947341833263636
998,2,0.30106616020202637
999,2,0.4104633629322052
1000,2,0.320794939994812
1001,2,0.35188207030296326
1002,2,0.37141552567481995
1003,2,0.0023990566842257977
1004,2,0.002335889032110572
1005,2,0.0038235625252127647
1006,2,0.42203834652900696
1007,2,0.41930779814720154
1008,1,0.9959985017776489
1009,2,0.3922765851020813
1010,1,0.9958821535110474
1011,2,0.3794470727443695
1012,2,0.38213878870010376
1013,2,0.24903321266174316
1014,1,0.9654108285903931
1015,2,0.002350621623918414
1016,1,0.9960231781005859
1017,2,0.25991976261138916
1018,2,0.345223605632782
1019,2,0.3785276412963867
1020,2,0.40238243341445923
1021,2,0.002318604616448283
1022,2,0.4425849914550781
1023,2,0.4743703007698059
1024,2,0.4094812870025635
1025,1,0.9959887862205505
1026,1,0.9957413673400879
1027,2,0.47671201825141907
1028,1,0.9959011673927307
1029,2,0.0023642831947654486
1030,1,0.9921320080757141
1031,2,0.4107504189014435
1032,2,0.002315779449418187
1033,2,0.38717371225357056
1034,2,0.3848954141139984
1035,2,0.26815065741539
1036,2,0.42965859174728394
1037,2,0.2595425844192505
1038,2,0.00235361116938293
1039,2,0.26648616790771484
1040,1,0.9957544803619385
1041,1,0.9959088563919067
1042,2,0.3484790325164795
1043,2,0.31836071610450745
1044,1,0.9950161576271057
1045,2,0.3037615716457367
1046,1,0.995866060256958
1047,2,0.4296938180923462
1048,2,0.23401221632957458
1049,1,0.5316110253334045
1050,2,0.4579731523990631
1051,2,0.32454559206962585
1052,1,0.8129811882972717
1053,2,0.47419312596321106
1054,2,0.002351442351937294
1055,1,0.6307500004768372
1056,1,0.9960082769393921
1057,2,0.0023242237512022257
1058,2,0.45118895173072815
1059,2,0.0024359480012208223
1060,1,0.9291707277297974
1061,2,0.002434763126075268
1062,2,0.407035768032074
1063,2,0.44561922550201416
1064,1,0.9959413409233093
1065,1,0.9959110021591187
1066,2,0.002312968485057354
1067,2,0.4174667298793793
